Item;Atividade;Gerencia;Setor;Regulado;Cidade;Mes;MesAgendado;MesRealizado;GIASO;Processo;PCDP;Prioridade
D1314-22;"O135-501 - Inspeção de Vigilância de Base Principal";GOAG;GOAG_GTVC;"NHR Táxi Aéreo Ltda";Sorocaba - SP;Fev;Ago;Ago;"savio.ferreira";"00058.025381/2022-98";"PCDP 2759/22, 2760, OS 1145/2022";"A"
D1315-22;"O135-501 - Inspeção de Vigilância de Base Principal";GOAG;GOAG_GTVC;"SANTAFÉ TÁXI AÉREO LTDA.";Xanxerê - SC;Abr;Nov;Nov;"vinicius.figueiredo";"00058.019567/2022-16";"PCDP 3238/22, 3239/22, 3240/22, OS 494/2022";"A"
D1316-22;"O135-501 - Inspeção de Vigilância de Base Principal";GOAG;GOAG_GTVC;"BITTEN TÁXI ÁEREO";Santa Rita - PB;Abr;Ago;Ago;"paulo.jesus";"00058.025270/2022-81";"PCDP 2571/22, 2572/22, OS 1064/2022";"A"
D1317-22;"O135-501 - Inspeção de Vigilância de Base Principal";GOAG;GOAG_GTVC;"Ultraplana Táxi Aéreo Ltda";Rio de Janeiro - RJ;Jul;Set;Set;"vinicius.figueiredo";"00058.025483/2022-11";"PCDP 2730/22, 2733/22, OS 1126/22";"A"
D1318-22;"O135-501 - Inspeção de Vigilância de Base Principal";GOAG;GOAG_GTVC;"Maricá Táxi Aéreo Ltda";Rio de Janeiro - RJ;Jul;Jul;Jul;"rafael.koeler";"00058.016411/2022-75";"381/2022";"A"
D1319-22;"O135-501 - Inspeção de Vigilância de Base Principal";GOAG;GOAG_GTVC;"AEROTUR TÁXI AÉREO LTDA";Belém - PA;Jun;Mai;Mai;"jose.cosendei";"00058.009941/2022-67";"OS 229/2022";"A"
D1320-22;"O135-501 - Inspeção de Vigilância de Base Principal";GOAG;GOAG_GTVC;"TAVAM - TÁXI AÉREO VALE DO MADEIRA";Manaus - AM;Jun;Jul;Jun;"jose.cosendei";"00058.010820/2022-68";"230/2022";"A"
D1321-22;"O135-902 - Inspeção Remota de Sistema de Gerenciamento da Segurança Operacional";GOAG;GOAG_GTVC;"HERINGER TÁXI AÉREO LTDA.";Imperatriz - MA;Set;Out;Nov;"vinicius.figueiredo";"00058.025486/2022-47";"REMOTA";"A"
D1322-22;"O135-501 - Inspeção de Vigilância de Base Principal";GOAG;GOAG_GTVC;"TRI TÁXI AÉREO LTDA.";Canela - RS;Ago;Mar;Mar;"christian.duvoisin";"00058.016559/2022-18";"389/2022";"A"
D1323-22;"O135-501 - Inspeção de Vigilância de Base Principal";GOAG;GOAG_GTVC;"Ases Táxi Aéreo Ltda.";Campos dos Goytacazes - RJ;Ago;Ago;Ago;"rafael.koeler";"00058.016370/2022-17";"380/2022";"A"
D1324-22;"O135-501 - Inspeção de Vigilância de Base Principal";GOAG;GOAG_GTVC;"FRISONFLY";Eldorado do Sul - RS;Set;Nov;Nov;"christian.duvoisin";"00058.025489/2022-81";"PCDP 4326/22, 4336/22, OS 1409/2022";"A"
D1325-22;"O135-501 - Inspeção de Vigilância de Base Principal";GOAG;GOAG_GTVC;"AlphajetsTáxi Aéreo Ltda";Jundiaí - SP;Nov;Nov;Nov;"vinicius.figueiredo";"00058.025506/2022-80";"PCDP 3849, 3850,4401/22,  OS 1560/2022";"A"
D1326-22;"O135-501 - Inspeção de Vigilância de Base Principal";GOAG;GOAG_GTVC;"DUX EXPRESS";Jundiaí - SP;Ago;Ago;Ago;"felipe.pizano";"00058.025509/2022-13";"PCDP 3083/22, 3084/22, OS 1269/2022";"A"
D1327-22;"O135-501 - Inspeção de Vigilância de Base Principal";GOAG;GOAG_GTVC;"Líder Táxi Aéreo S/A - Air Brasil";Belo Horizonte - MG;Nov;Set;Set;"jose.cosendei";"00058.010962/2022-25";"231/2022";"A"
D1328-22;"O135-507 - Inspeção de Vigilância de Voo de Acompanhamento";GOAG;GOAG_GTVC;"BRASIL VIDA TÁXI AÉREO LTDA.";Goiânia - GO;Set;Set;Set;"marcos.duarte";"00058.049413/2022-41";"PCDP 4530/22, OS 1802/2022, CANCELADO";"A"
D1329-22;"O135-503 - Inspeção de Vigilância de Programa de Treinamento de Solo";GOAG;GOAG_GTVC;"HCR TÁXI AÉREO LTDA";Campinas - SP;Fev;Fev;Fev;"renato.ferrante";"00058.012792/2022-13";"Remoto";"A"
D1330-22;"O135-503 - Inspeção de Vigilância de Programa de Treinamento de Solo";GOAG;GOAG_GTVC;"SOTAN - Sociedade de Táxi Aéreo do Nordeste";Maceió - AL;Mar;Nov;Nov;"marcos.duarte";"00058.016825/2022-02";"PCDP 4426/22,OS 1772/2022";"A"
D1331-22;"O135-503 - Inspeção de Vigilância de Programa de Treinamento de Solo";GOAG;GOAG_GTVC;"ICARAÍ TURISMO TÁXI AÉREO LTDA.";Araucária - PR;Abr;Mai;Mai;"renato.ferrante";"00058.016837/2022-29";"";"A"
D1332-22;"O135-503 - Inspeção de Vigilância de Programa de Treinamento de Solo";GOAG;GOAG_GTVC;"Brasil Jato Táxi Aéreo Ltda";Rio de Janeiro - RJ;Mai;Ago;Ago;"marcos.duarte";"00058.016848/2022-17";"OS 759/2022";"A"
D1333-22;"O135-501 - Inspeção de Vigilância de Base Principal";GOAG;GOAG_GTVC;"Vera Cruz Táxi Aéreo Ltda";Vera Cruz - SP;Mai;Dez;Dez;"christian.duvoisin";"00058.016851/2022-22";"PCDP 3847/22, 3846/22, OS 1559/2022";"A"
D1334-22;"O135-503 - Inspeção de Vigilância de Programa de Treinamento de Solo";GOAG;GOAG_GTVC;"BLUE SKY TÁXI AÉREO LTDA";Rio de Janeiro - RJ;Jun;Jul;Jul;"moises.bezerra";"00058.007667/2022-91";"169/2022";"A"
D1335-22;"O135-503 - Inspeção de Vigilância de Programa de Treinamento de Solo";GOAG;GOAG_GTVC;"NVO TÁXI AÉREO LTDA";Cascavel - PR;Jun;Mar;Mar;"marcos.duarte";"00058.012813/2022-09";"294/2022";"A"
D1336-22;"O135-503 - Inspeção de Vigilância de Programa de Treinamento de Solo";GOAG;GOAG_GTVC;"VOLARE TÁXI AÉREO LTDA";Curitiba - PR;Jul;Mar;Mar;"renato.ferrante";"00058.010710/2022-04";"Remoto";"A"
D1337-22;"O135-503 - Inspeção de Vigilância de Programa de Treinamento de Solo";GOAG;GOAG_GTVC;"SETE TÁXI AÉREO LTDA";Goiânia - GO;Ago;Jun;Jun;"bruno.jesus";"00058.012980/2022-41";"PCDP 2188/22, OS 933/2022";"A"
D1338-22;"O135-503 - Inspeção de Vigilância de Programa de Treinamento de Solo";GOAG;GOAG_GTVC;"ORTIZ TÁXI AÉREO LTDA";Rio Branco - AC;Set;Jul;Jul;"bruno.jesus";"00058.012986/2022-19";"OS 1038/2022";"A"
D1339-22;"O135-503 - Inspeção de Vigilância de Programa de Treinamento de Solo";GOAG;GOAG_GTVC;"NORTH STAR TÁXI ÁEREO LTDA";Fortaleza - CE;Set;Nov;Nov;"antonio.dias";"00058.016835/2022-30";"PCDP 4504/22, OS 1794/2022";"A"
D1340-22;"O135-503 - Inspeção de Vigilância de Programa de Treinamento de Solo";GOAG;GOAG_GTVC;"Ultraplana Táxi Aéreo Ltda";Rio de Janeiro - RJ;Out;Abr;Abr;"moises.bezerra";"00058.015452/2022-44";"324/2022";"A"
D1341-22;"O135-503 - Inspeção de Vigilância de Programa de Treinamento de Solo";GOAG;GOAG_GTVC;"AERO CENTER BRASIL TÁXI AÉREO LTDA";Várzea Grande - MT;Out;Set;Jul;"bruno.jesus";"00058.012989/2022-52";"OS 1035/2022";"A"
D1342-22;"O135-503 - Inspeção de Vigilância de Programa de Treinamento de Solo";GOAG;GOAG_GTVC;"Helimarte Táxi Aéreo Ltda.";São Paulo - SP;Nov;Mar;Mar;"renato.ferrante";"00058.010722/2022-21";"244/2022";"A"
D1343-22;"O135-503 - Inspeção de Vigilância de Programa de Treinamento de Solo";GOAG;GOAG_GTVC;"Amazonaves Táxi Aéreo LTDA.";Manaus - AM;Dez;Mai;Mai;"marcos.duarte";"00058.016853/2022-11";"OS 469/2022";"A"
D1344-22;"O135-504 - Inspeção de Vigilância de Programa de Treinamento de Voo";GOAG;GOAG_GTVC;"VEM AVIATION TÁXI AÉREO LTDA";Salvador - BA;Fev;Set;Set;"mauro.tonelli";"00058.016930/2022-33";"PCDP 3134/22,OS 1270/2022";"A"
D1345-22;"O135-504 - Inspeção de Vigilância de Programa de Treinamento de Voo";GOAG;GOAG_GTVC;"AZUL CONECTA";São Paulo -SP;Mar;Nov;Nov;"eduardo.faria";"00058.064054/2022-51";"PCDP 4359/22, OS 1748/2022";"A"
D1346-22;"O135-504 - Inspeção de Vigilância de Programa de Treinamento de Voo";GOAG;GOAG_GTVC;"HERINGER TÁXI AÉREO LTDA";Imperatriz - MA;Abr;Abr;Abr;"marcos.duarte";"00058.016723/2022-89";"410/2022";"A"
D1347-22;"O135-504 - Inspeção de Vigilância de Programa de Treinamento de Voo";GOAG;GOAG_GTVC;"Líder Táxi Aéreo S/A - Air Brasil";São Paulo - SP;Mai;Jun;Jun;"eduardo.faria";"00058.016943/2022-11";"OS 920/22";"A"
D1348-22;"O135-507 - Inspeção de Vigilância de Voo de Acompanhamento";GOAG;GOAG_GTVC;"Premier Táxi Aéreo Ltda";São Paulo - SP;Mai;Ago;Ago;"bruno.jesus";"00058.016952/2022-01";"PCDP 3197/22, OS 1304/2022";"A"
D1349-22;"O135-504 - Inspeção de Vigilância de Programa de Treinamento de Voo";GOAG;GOAG_GTVC;"AZUL CONECTA";Santa Rita - PB;Jun;Nov;Nov;"savio.ferreira";"00058.068959/2022-09";"OS 1808/2022";"A"
D1350-22;"O135-504 - Inspeção de Vigilância de Programa de Treinamento de Voo";GOAG;GOAG_GTVC;"AEROBRAN TÁXI AÉREO LTDA";Cruzeiro do Sul - AC;Jun;Mai;Mai;"bruno.jesus";"00058.012993/2022-11";"PCDP 1584/22, OS 703/2022";"A"
D1351-22;"O135-504 - Inspeção de Vigilância de Programa de Treinamento de Voo";GOAG;GOAG_GTVC;"RIO ACRE AEROTÁXI LTDA";Manaus - AM;Jul;Nov;Nov;"christian.duvoisin";"00058.016962/2022-39";"PCDP 4337/22, OS 1330/2022";"A"
D1352-22;"O135-504 - Inspeção de Vigilância de Programa de Treinamento de Voo";GOAG;GOAG_GTVC;"SANTARÉM TÁXI AÉREO LTDA.";Santarém - PA;Ago;Out;Out;"savio.ferreira";"00058.016964/2022-28";"1592/2022";"A"
D1353-22;"O135-504 - Inspeção de Vigilância de Programa de Treinamento de Voo";GOAG;GOAG_GTVC;"ASTA LINHAS AÉREAS";Várzea Grande - MT;Set;Nov;Out;"christian.duvoisin";"00058.007181/2022-53";"PCDP 3974/22, OS 1605/2022";"A"
D1354-22;"O135-504 - Inspeção de Vigilância de Programa de Treinamento de Voo";GOAG;GOAG_GTVC;"EXECUTIVE AIR TÁXI AÉREO LTDA";Curitiba - PR;Set;Jun;Jun;"bruno.jesus";"00058.012994/2022-65";"OS 9116/22";"A"
D1355-22;"O135-504 - Inspeção de Vigilância de Programa de Treinamento de Voo";GOAG;GOAG_GTVC;"Brasil Vida Táxi Aéreo Ltda";Goiânia - GO;Out;Jun;Jun;"bruno.jesus";"00058.012995/2022-18";"2162/22, OS 917/2022";"A"
D1356-22;"O135-504 - Inspeção de Vigilância de Programa de Treinamento de Voo";GOAG;GOAG_GTVC;"AZUL CONECTA";São Paulo - SP;Out;Out;Out;"eduardo.faria";"00058.063462/2022-96";"OS 1730/22, PCDP 004328/22";"A"
D1357-22;"O135-504 - Inspeção de Vigilância de Programa de Treinamento de Voo";GOAG;GOAG_GTVC;"UIRAPURU TÁXI AÉREO LTDA.";Fortaleza - CE;Nov;Nov;Nov;"antonio.dias";"00058.016988/2022-87";"PCDP 4504/22, OS 1794/2022";"A"
D1358-22;"O135-504 - Inspeção de Vigilância de Programa de Treinamento de Voo";GOAG;GOAG_GTVC;"NHR Táxi Aéreo Ltda";Sorocaba - SP;Dez;Jun;Jun;"marcos.duarte";"00058.016994/2022-34";"OS 631/2022";"A"
D1359-22;"O135-901 - Inspeção Remota de Registros";GOAG;GOAG_GTVC;"NHR Táxi Aéreo Ltda";Sorocaba - SP;Fev;Mai;Mai;"paulo.jesus";"00058.007988/2022-96";"REMOTA";"A"
D1360-22;"O135-501 - Inspeção de Vigilância de Base Principal";GOAG;GOAG_GTVC;"UIRAPURU TÁXI AÉREO LTDA.";Fortaleza-CE;Fev;Fev;Fev;"felipe.sa";"00058.000801/2022-23";"000119/22 e 46/2022";"A"
D1361-22;"O135-901 - Inspeção Remota de Registros";GOAG;GOAG_GTVC;"Vera Cruz Táxi Aéreo Ltda";Vera Cruz - SP;Abr;Ago;Ago;"antonio.dias";"00058.008011/2022-96";"REMOTA";"A"
D1362-22;"O135-901 - Inspeção Remota de Registros";GOAG;GOAG_GTVC;"DELTA AERO TAXI LTDA";São José de Ribamar - MA;Mai;Jul;Jul;"mauro.tonelli";"00058.008013/2022-85";"REMOTA";"A"
D1363-22;"O135-901 - Inspeção Remota de Registros";GOAG;GOAG_GTVC;"EMAR TÁXI AÉREO LTDA";Macaé - RJ;Mai;Abr;Abr;"fausto.jacobsen";"00058.008025/2022-18";"REMOTA";"A"
D1364-22;"O135-901 - Inspeção Remota de Registros";GOAG;GOAG_GTVC;"Líder Táxi Aéreo S/A - Air Brasil";Belo Horizonte - MG;Jun;Abr;Abr;"jose.cosendei";"00058.008050/2022-93";"";"A"
D1365-22;"O135-901 - Inspeção Remota de Registros";GOAG;GOAG_GTVC;"RIMA - RIO MADEIRA AEROTAXI LTDA";Porto Velho - RO;Jun;Abr;Abr;"rafael.koeler";"00058.008053/2022-27";"REMOTA";"A"
D1366-22;"O135-901 - Inspeção Remota de Registros";GOAG;GOAG_GTVC;"CTA - Cleiton Táxi Aéreo Ltda";Manaus - AM;Jul;Mar;Abr;"luciano.soares";"00058.008057/2022-13";"REMOTA";"A"
D1367-22;"O135-901 - Inspeção Remota de Registros";GOAG;GOAG_GTVC;"Brasil Vida Táxi Aéreo Ltda";Goiânia - GO;Ago;Set;Set;"jose.cosendei";"00058.008059/2022-02";"REMOTA";"A"
D1368-22;"O135-901 - Inspeção Remota de Registros";GOAG;GOAG_GTVC;"Premier Táxi Aéreo Ltda";São Paulo - SP;Set;Out;Out;"luciano.soares";"00058.008062/2022-18";"REMOTA";"A"
D1369-22;"O135-901 - Inspeção Remota de Registros";GOAG;GOAG_GTVC;"TROPIC AIR TÁXI AÉREO LTDA";São Paulo - SP;Set;Nov;Nov;"moises.bezerra";"00058.008070/2022-64";"REMOTA";"A"
D1370-22;"O135-901 - Inspeção Remota de Registros";GOAG;GOAG_GTVC;"ICARAÍ TURISMO TÁXI AÉREO LTDA.";Araucária - PR;Out;Jun;Jun;"fausto.jacobsen";"00058.008074/2022-42";"REMOTA";"A"
D1371-22;"O135-901 - Inspeção Remota de Registros";GOAG;GOAG_GTVC;"FLYONE SERVIÇOS AÉREOS ESPECIALIZADO, COMÉRCIO E SERVIÇOS EIRELI";Rio de Janeiro - RJ;Out;Abr;Abr;"rafael.koeler";"00058.008111/2022-12";"REMOTA";"A"
D1372-22;"O135-901 - Inspeção Remota de Registros";GOAG;GOAG_GTVC;"BLUE SKY TÁXI AÉREO LTDA";Rio de Janeiro - RJ;Nov;Out;Out;"paulo.jesus";"00058.008119/2022-89";"REMOTA";"A"
D1373-22;"O135-901 - Inspeção Remota de Registros";GOAG;GOAG_GTVC;"Helimarte Táxi Aéreo Ltda.";São Paulo - SP;Dez;Mar;Mar;"rafael.koeler";"00058.008144/2022-62";"REMOTA";"A"
D1374-22;"O135-901 - Inspeção Remota de Registros";GOAG;GOAG_GTVC;"SOTAN - Sociedade de Táxi Aéreo do Nordeste";Maceió - AL;Fev;Mar;Mar;"antonio.dias";"00058.008150/2022-10";"REMOTA";"A"
D1375-22;"O135-901 - Inspeção Remota de Registros";GOAG;GOAG_GTVC;"PEMA Táxi Aéreo";Ourilândia do Norte - PA;Mar;Jun;Jul;"fausto.jacobsen";"00058.008187/2022-48";"REMOTA";"A"
D1376-22;"O135-901 - Inspeção Remota de Registros";GOAG;GOAG_GTVC;"AERO STAR";Salvador - BA;Abr;Mai;Mai;"paulo.jesus";"00058.010645/2022-17";"REMOTA";"A"
D1377-22;"O135-901 - Inspeção Remota de Registros";GOAG;GOAG_GTVC;"ASTA LINHAS AÉREAS";Várzea Grande - MT;Mai;Abr;Abr;"felipe.sa";"00058.010646/2022-53";"REMOTA";"A"
D1378-22;"O135-901 - Inspeção Remota de Registros";GOAG;GOAG_GTVC;"ALL JET TÁXI ÁEREO LTDA";Jundiaí - SP;Mai;Mai;Mai;"jose.cosendei";"00058.010658/2022-88";"REMOTA";"A"
D1379-22;"O135-901 - Inspeção Remota de Registros";GOAG;GOAG_GTVC;"EXECUTIVE AIR TÁXI AÉREO LTDA";Curitiba - PR;Jun;Nov;Nov;"fausto.jacobsen";"00058.010660/2022-57";"REMOTA";"A"
D1380-22;"O135-901 - Inspeção Remota de Registros";GOAG;GOAG_GTVC;"NORTH STAR TÁXI ÁEREO LTDA";Fortaleza - CE;Jun;Ago;Ago;"luciano.soares";"00058.010662/2022-46";"REMOTA";"A"
D1381-22;"O135-901 - Inspeção Remota de Registros";GOAG;GOAG_GTVC;"SETE TÁXI AÉREO LTDA";Goiânia - GO;Jul;Out;Out;"fausto.jacobsen";"00058.010672/2022-81";"REMOTA";"A"
D1382-22;"O135-901 - Inspeção Remota de Registros";GOAG;GOAG_GTVC;"VEM AVIATION TÁXI AÉREO LTDA";Salvador - BA;Ago;Ago;Ago;"mauro.tonelli";"00058.010677/2022-12";"REMOTA";"A"
D1383-22;"O135-901 - Inspeção Remota de Registros";GOAG;GOAG_GTVC;"HEISS TÁXI AÉREO LTDA.";Belém - PA;Set;Jul;Jul;"fausto.jacobsen";"00058.010683/2022-61";"REMOTA";"A"
D1384-22;"O135-901 - Inspeção Remota de Registros";GOAG;GOAG_GTVC;"Interávia Táxi Aéreo Ltda.";São Paulo - SP;Set;Abr;Abr;"rafael.koeler";"00058.010688/2022-94";"REMOTA";"A"
D1385-22;"O135-901 - Inspeção Remota de Registros";GOAG;GOAG_GTVC;"AEROBRAN TÁXI AÉREO LTDA";Cruzeiro do Sul - AC;Out;Out;Out;"paulo.jesus";"00058.010691/2022-16";"REMOTA";"A"
D1386-22;"O135-901 - Inspeção Remota de Registros";GOAG;GOAG_GTVC;"UIRAPURU TÁXI AÉREO LTDA.";Fortaleza - CE;Out;Jul;Jul;"mauro.tonelli";"00058.010694/2022-41";"REMOTA";"A"
D1387-22;"O135-901 - Inspeção Remota de Registros";GOAG;GOAG_GTVC;"RIO PURUS TÁXI AÉREO LTDA.";Manaus - AM;Nov;Out;Out;"luciano.soares";"00058.010698/2022-20";"REMOTA";"A"
D1388-22;"O135-901 - Inspeção Remota de Registros";GOAG;GOAG_GTVC;"RIO ACRE AEROTÁXI LTDA";Manaus - AM;Dez;Mai;Mai;"jose.cosendei";"00058.010700/2022-61";"REMOTA";"A"
D1389-22;"O135-902 - Inspeção Remota de Sistema de Gerenciamento da Segurança Operacional";GOAG;GOAG_GTVC;"RIMA - RIO MADEIRA AEROTAXI LTDA";Porto Velho - RO;Fev;Mai;Jun;"cintia.bizarria";"00058.006890/2022-11";"REMOTA";"A"
D1390-22;"O135-902 - Inspeção Remota de Sistema de Gerenciamento da Segurança Operacional";GOAG;GOAG_GTVC;"AERO CENTER BRASIL TÁXI AÉREO LTDA";Várzea Grande - MT;Mar;Mar;Mar;"felipe.sa";"00058.011230/2022-52";"REMOTA";"A"
D1391-22;"O135-902 - Inspeção Remota de Sistema de Gerenciamento da Segurança Operacional";GOAG;GOAG_GTVC;"Piquiatuba Táxi Aéreo Ltda";Santarém - PA;Abr;Jun;Jun;"cintia.bizarria";"00058.011243/2022-21";"REMOTA";"A"
D1392-22;"O135-902 - Inspeção Remota de Sistema de Gerenciamento da Segurança Operacional";GOAG;GOAG_GTVC;"SETE TÁXI AÉREO LTDA";Goiânia - GO;Mai;Set;Set;"vinicius.figueiredo";"00058.017835/2022-57";"OS 1225/2022";"A"
D1393-22;"O135-902 - Inspeção Remota de Sistema de Gerenciamento da Segurança Operacional";GOAG;GOAG_GTVC;"EMAR TÁXI AÉREO LTDA";Macaé - RJ;Mai;Ago;Set;"cintia.bizarria";"00058.017882/2022-09";"REMOTA";"A"
D1394-22;"O135-902 - Inspeção Remota de Sistema de Gerenciamento da Segurança Operacional";GOAG;GOAG_GTVC;"Brasil Vida Táxi Aéreo Ltda";Goiânia - GO;Jun;Mar;Abr;"gustavo.schettino";"00058.012561/2022-18";"REMOTA";"A"
D1395-22;"O135-902 - Inspeção Remota de Sistema de Gerenciamento da Segurança Operacional";GOAG;GOAG_GTVC;"UIRAPURU TÁXI AÉREO LTDA.";Fortaleza - CE;Jun;Jul;Jul;"marcos.duarte";"00058.017925/2022-48";"OS 758/2022";"A"
D1396-22;"O135-902 - Inspeção Remota de Sistema de Gerenciamento da Segurança Operacional";GOAG;GOAG_GTVC;"Líder Táxi Aéreo S/A - Air Brasil";Belo Horizonte - MG;Jul;Ago;Ago;"cintia.bizarria";"00058.018521/2022-71";"REMOTA";"A"
D1397-22;"O135-902 - Inspeção Remota de Sistema de Gerenciamento da Segurança Operacional";GOAG;GOAG_GTVC;"AZUL CONECTA";Jundiaí - SP;Ago;Ago;Ago;"cintia.bizarria";"00058.018594/2022-63";"REMOTA";"A"
D1398-22;"O135-902 - Inspeção Remota de Sistema de Gerenciamento da Segurança Operacional";GOAG;GOAG_GTVC;"AMAPIL TÁXI AÉREO LTDA.";Campo Grande - MS;Set;Jun;Jun;"rafael.koeler";"00058.018921/2022-87";"REMOTA";"A"
D1399-22;"O135-902 - Inspeção Remota de Sistema de Gerenciamento da Segurança Operacional";GOAG;GOAG_GTVC;"Amazonaves Táxi Aéreo LTDA.";Manaus - AM;Set;Jul;Jul;"jose.cosendei";"00058.018930/2022-78";"presencial";"A"
D1400-22;"O135-902 - Inspeção Remota de Sistema de Gerenciamento da Segurança Operacional";GOAG;GOAG_GTVC;"ALL JET TÁXI ÁEREO LTDA";Jundiaí - SP;Out;Set;Set;"gustavo.schettino";"00058.019123/2022-72";"REMOTA";"A"
D1401-22;"O135-902 - Inspeção Remota de Sistema de Gerenciamento da Segurança Operacional";GOAG;GOAG_GTVC;"Air Jet Táxi Aéreo Ltda.";São Paulo - SP;Out;Ago;Ago;"gustavo.schettino";"00058.019131/2022-19";"REMOTA";"A"
D1402-22;"O135-902 - Inspeção Remota de Sistema de Gerenciamento da Segurança Operacional";GOAG;GOAG_GTVC;"Sales Serviços Aéreos";São Paulo - SP;Nov;Ago;Ago;"gustavo.schettino";"00058.019425/2022-41";"REMOTA";"A"
D1403-22;"O135-902 - Inspeção Remota de Sistema de Gerenciamento da Segurança Operacional";GOAG;GOAG_GTVC;"VOAR Aviation";São Paulo - SP;Dez;Jul;Jul;"gustavo.schettino";"00058.019431/2022-06";"REMOTA";"A"
D1404-22;"OSAE-501 - Inspeção de Vigilância em Empresa SAE";GOAG;SFI;"PULVAER AERO AGRICOLA LTDA.";Campo Verde-MT;Fev;Mai;Jun;"SFI";"00058.006943/2022-02";"PCDP 1327/22, OS 581/2022";"A"
D1405-22;"OSAE-501 - Inspeção de Vigilância em Empresa SAE";GOAG;SFI;"Aplicar Aviação Agrícola Ltda.";Guarapuava-PR;Mar;Abr;Abr;"SFI";"00058.006949/2022-71";"348/2022";"A"
D1406-22;"OSAE-501 - Inspeção de Vigilância em Empresa SAE";GOAG;SFI;"Aeroverde Aviação Agrícola Ltda.";Aracruz-ES;Abr;Abr;Abr;"SFI";"00058.007049/2022-41";"PCDP 774/22 e 775/22  OS 325/2022";"A"
D1407-22;"OSAE-501 - Inspeção de Vigilância em Empresa SAE";GOAG;SFI;"DMA Aviação Agrícola Ltda.";Três Corações-MG;Mai;Ago;Ago;"SFI";"00058.007676/2022-82";"PCDP 2283/22, 2287/22, OS 981/2022";"A"
D1408-22;"OSAE-501 - Inspeção de Vigilância em Empresa SAE";GOAG;SFI;"Aero Agrícola do Vale Ltda.";Itariri-SP;Mai;Mai;Mai;"SFI";"00058.007680/2022-41";"PCDP 1106/22, 1104/22, OS 503/2022";"A"
D1409-22;"OSAE-501 - Inspeção de Vigilância em Empresa SAE";GOAG;SFI;"Flórida Aviação Agrícola Ltda.";Primavera do Leste-MT;Jun;Jun;Jun;"SFI";"00058.007683/2022-84";"OS 581/2022";"A"
D1410-22;"OSAE-501 - Inspeção de Vigilância em Empresa SAE";GOAG;SFI;"Garra Aviação Agrícola Ltda";Primavera do Leste-MT;Jun;Jun;Jun;"SFI";"00058.007687/2022-62";"OS 581/2022";"A"
D1411-22;"OSAE-501 - Inspeção de Vigilância em Empresa SAE";GOAG;SFI;"Tucano Aviação Agrícola Ltda.";Primavera do Leste-MT;Jul;Jun;Jun;"SFI";"00058.007692/2022-75";"OS 1411-2022";"A"
D1412-22;"OSAE-501 - Inspeção de Vigilância em Empresa SAE";GOAG;SFI;"Aerogrígoli Aviação Agrícola Ltda";Santa Isabel do Ivaí-PR;Ago;Ago;Ago;"SFI";"00058.007695/2022-17";"PCDP 2569/22, 2570/22, OS 1075/2022";"A"
D1413-22;"OSAE-501 - Inspeção de Vigilância em Empresa SAE";GOAG;SFI;"Itapororó Aviação Agrícola Ltda.";Alegrete-RS;Set;Nov;Nov;"SFI";"00058.007702/2022-72";"PCDP 4419, 4420/22, OS 1769/2022";"A"
D1414-22;"OSAE-501 - Inspeção de Vigilância em Empresa SAE";GOAG;SFI;"Jaíba Aviação Agrícola Ltda.";Tupaciguara-MG;Set;Set;Set;"SFI";"00058.007707/2022-03";"PCDP 3104/22, 3109/22, OS 1285/2022";"A"
D1415-22;"OSAE-501 - Inspeção de Vigilância em Empresa SAE";GOAG;SFI;"Romaer Aviação Agrícola Ltda - ME";Aral Moreira-MS;Out;Mai;Mai;"SFI";"00058.007710/2022-19";"OS 528/22";"A"
D1416-22;"OSAE-501 - Inspeção de Vigilância em Empresa SAE";GOAG;SFI;"RP Aero Agrícola Ltda";Ribeirão Preto-SP;Out;Out;Out;"SFI";"00058.007712/2022-16";"PCDP 3929/22, 3928/22, OS 1600/2022";"A"
D1417-22;"OSAE-501 - Inspeção de Vigilância em Empresa SAE";GOAG;SFI;"Tom Aviação Agrícola Ltda.";Itápolis-SP;Nov;Mai;Mai;"SFI";"00058.007715/2022-41";"PCDP 1253/22, 1252/22, OS 557/22";"A"
D1418-22;"OSAE-501 - Inspeção de Vigilância em Empresa SAE";GOAG;SFI;"TAGUATÓ AVIAÇÃO AGRÍCOLA LTDA";Montenegro-RS;Dez;Dez;Dez;"SFI";"00058.007719/2022-20";"PCDP 4830/22, 4831/22, OS 1910/22";"A"
D1419-22;"RAMP-503 - Inspeção de Rampa ? RBAC 91/135";GOAG;SFI;"SBIH";Itaituba - PA;Mai;Ago;Ago;"SFI";"00058.008972/2022-09";"OS 1030/2022";"A"
D1420-22;"RAMP-503 - Inspeção de Rampa ? RBAC 91/135";GOAG;SFI;"SBCF";Confins - MG;Jun;Jun;Jun;"SFI";"00058.009992/2022-99";"PCDP 1831/22, 1832/22, OS 782/2022";"A"
D1421-22;"RAMP-503 - Inspeção de Rampa ? RBAC 91/135";GOAG;SFI;"SBBP";Bragança Paulista - SP;Jun;Jul;Jul;"SFI";"00058.009994/2022-88";"PCDP 2286/22, 2288/22, OS 987/2022";"A"
D1422-22;"RAMP-503 - Inspeção de Rampa ? RBAC 91/135";GOAG;SFI;"SJCY";Cuiabá - MT;Jul;Out;Out;"SFI";"00058.010124/2022-51";"PCDP 3659/22, 3658/22, OS 1469/2022";"A"
D1423-22;"RAMP-503 - Inspeção de Rampa ? RBAC 91/135";GOAG;SFI;"SWFN";Manaus -AM;Ago;Ago;Ago;"SFI";"00058.010201/2022-73";"OS 1263/2022";"A"
D1424-22;"RAMP-503 - Inspeção de Rampa ? RBAC 91/135";GOAG;SFI;"Pedra Bonita";Rio de Janeiro - RJ;Set;Set;Set;"SFI";"00058.010259/2022-17";"OS 1454/22";"A"
D1425-22;"RAMP-503 - Inspeção de Rampa ? RBAC 91/135";GOAG;SFI;"RBAC 103 - Aerodesporto";Pancas - ES;Set;Jul;Jul;"SFI";"00058.010263/2022-85";"PCDP 2367/22, 2368/22, OS 1012/2022";"A"
D1426-22;"RAMP-503 - Inspeção de Rampa ? RBAC 91/135";GOAG;SFI;"SBBR";Brasília - DF;Out;Set;Set;"SFI";"00058.010560/2022-21";"OS 1305/2022";"A"
D1427-22;"RAMP-503 - Inspeção de Rampa ? RBAC 91/135";GOAG;SFI;"SBRJ";Rio de Janeiro - RJ;Out;Out;Out;"SFI";"00058.010567/2022-42";"OS 1675/2022";"A"
D1428-22;"RAMP-503 - Inspeção de Rampa ? RBAC 91/135";GOAG;SFI;"SISY";Piraquara - PR;Nov;Nov;Nov;"SFI";"00058.010613/2022-11";"OS 1927/2022";"A"
D1429-22;"RAMP-503 - Inspeção de Rampa ? RBAC 91/135";GOAG;SFI;"SBRJ";Rio de Janeiro - RJ;Dez;Out;Out;"SFI";"00058.010623/2022-49";"OS 1637/2022";"A"
D1430-22;"RAMP-503 - Inspeção de Rampa ? RBAC 91/135";GOAG;SFI;"SBBV";Boa Vista - RR;Fev;Abr;Abr;"SFI";"00058.008614/2022-98";"PCDP 1095/22, 1097/22, OS 360/22";"A"
D1431-22;"RAMP-503 - Inspeção de Rampa ? RBAC 91/135";GOAG;SFI;"SBSV";Salvador - BA;Mar;Mar;Mar;"SFI";"00058.008693/2022-37";"OS NPI 6885982/2022/NURAC-SSA";"A"
D1432-22;"RAMP-503 - Inspeção de Rampa ? RBAC 91/135";GOAG;SFI;"SBSP";São Paulo - SP;Abr;Abr;Abr;"SFI";"00058.008891/2022-09";"OS 414/2022";"A"
D1433-22;"RAMP-503 - Inspeção de Rampa ? RBAC 91/135";GOAG;SFI;"SNDH - ABA";Barreiras - BA;Mai;Jun;Jun;"SFI";"00058.008978/2022-78";"PCDP 958/22,959/22 /OS 368-22";"A"
D1434-22;"RAMP-503 - Inspeção de Rampa ? RBAC 91/135";GOAG;SFI;"SBNM";Santo Ângelo - RS;Mai;Abr;Abr;"SFI";"00058.008985/2022-70";"343/2022";"A"
D1435-22;"RAMP-503 - Inspeção de Rampa ? RBAC 91/135";GOAG;SFI;"SBCT";São José dos Pinhais - PR;Jun;Jun;Jun;"SFI";"00058.009996/2022-77";"";"A"
D1436-22;"RAMP-503 - Inspeção de Rampa ? RBAC 91/135";GOAG;SFI;"SBJR";Rio de Janeiro - RJ;Jun;Jun;Jun;"SFI";"00058.009997/2022-11";"OS 818/2022";"A"
D1437-22;"RAMP-503 - Inspeção de Rampa ? RBAC 91/135";GOAG;SFI;"SDBB";Bebedouro - SP;Jul;Jun;Jun;"SFI";"00058.010125/2022-04";"PCDP 2078/22 , 2079/22, OS 868/2022";"A"
D1438-22;"RAMP-503 - Inspeção de Rampa ? RBAC 91/135";GOAG;SFI;"SJCY";Cuiabá - MT;Ago;Out;Out;"SFI";"00058.010203/2022-62";"PCDP 3659/22, 3658/22, OS 1469/2022";"A"
D1439-22;"RAMP-503 - Inspeção de Rampa ? RBAC 91/135";GOAG;SFI;"RBAC 103 - Aerodesporto";Florianópolis - SC;Set;Set;Set;"SFI";"00058.010268/2022-16";"PCDP 3210/22, 3209/22, OS 1297/2022";"A"
D1440-22;"RAMP-503 - Inspeção de Rampa ? RBAC 91/135";GOAG;SFI;"RBAC 103 - Aerodesporto";Florianópolis - SC;Set;Set;Set;"SFI";"00058.010269/2022-52";"OS 1297/2022";"A"
D1441-22;"RAMP-503 - Inspeção de Rampa ? RBAC 91/135";GOAG;SFI;"SBAE";Bauru - SP;Out;Nov;Nov;"SFI";"00058.010570/2022-66";"PCDP 4354/22, OS 1743/2022";"A"
D1442-22;"RAMP-503 - Inspeção de Rampa ? RBAC 91/135";GOAG;SFI;"SNDH";Barreiras - BA;Out;Out;Out;"SFI";"00058.010572/2022-55";"PCDP 3275/22, 3276/22, OS 1332/2022";"A"
D1443-22;"RAMP-503 - Inspeção de Rampa ? RBAC 91/135";GOAG;SFI;"SBGO";Goiânia - GO;Nov;Nov;Nov;"SFI";"00058.010616/2022-47";"PCDPs 004272/22 e 004276/22 - OS 1696-2022";"A"
D1444-22;"RAMP-503 - Inspeção de Rampa ? RBAC 91/135";GOAG;SFI;"SWFN";Manaus - AM;Dez;Dez;Dez;"SFI";"00058.010624/2022-93";"PCDP 4833/22, 4906/22, OS 1879/22";"A"
D1445-22;"RAMP-503 - Inspeção de Rampa ? RBAC 91/135";GOAG;SFI;"SBMT";São Paulo - SP;Fev;Mar;Mar;"SFI";"00058.008665/2022-10";"304/2022";"A"
D1446-22;"RAMP-503 - Inspeção de Rampa ? RBAC 91/135";GOAG;SFI;"RBAC 103";Pancas - ES;Mar;Mar;Mar;"SFI";"00058.008697/2022-15";"280/2022";"A"
D1447-22;"RAMP-503 - Inspeção de Rampa ? RBAC 91/135";GOAG;SFI;"SBCT";São José dos Pinhais - PR;Abr;Abr;Abr;"SFI";"00058.008901/2022-06";"OS 486/2022";"A"
D1448-22;"RAMP-503 - Inspeção de Rampa ? RBAC 91/135";GOAG;SFI;"SBRJ";Rio de Janeiro - RJ;Mai;Mar;Mar;"SFI";"00058.008999/2022-93";"296/2022";"A"
D1449-22;"RAMP-503 - Inspeção de Rampa ? RBAC 91/135";GOAG;SFI;"SBCT";São José dos Pinhais - PR;Mai;Mai;Mai;"SFI";"00058.009028/2022-61";"OS 625/2022";"A"
D1450-22;"RAMP-503 - Inspeção de Rampa ? RBAC 91/135";GOAG;SFI;"SNGA";Guarapari - ES;Jun;Abr;Abr;"SFI";"00058.009999/2022-19";"OS 359/2022";"A"
D1451-22;"RAMP-503 - Inspeção de Rampa ? RBAC 91/135";GOAG;SFI;"SBCA";Cascavel - PR;Jun;Jun;Jun;"SFI";"00058.010000/2022-76";"PCDP 1841/22, 1842/22, OS 788/2022";"A"
D1452-22;"RAMP-503 - Inspeção de Rampa ? RBAC 91/135";GOAG;SFI;"SISY";Piraquara - PR;Jul;Jul;Jul;"SFI";"00058.010133/2022-42";"PCDP 2140/22, 2141/22, OS 914/2022";"A"
D1453-22;"RAMP-503 - Inspeção de Rampa ? RBAC 91/135";GOAG;SFI;"SDRK";Rio Claro - SP;Ago;Ago;Ago;"SFI";"00058.010210/2022-64";"PCDP 2717/22, 2718/22, OS 1112/2022";"A"
D1454-22;"RAMP-503 - Inspeção de Rampa ? RBAC 91/135";GOAG;SFI;"RBAC 103 - Aerodesporto";Florianópolis - SC;Set;Set;Set;"SFI";"00058.010270/2022-87";"OS 1297/2022";"A"
D1455-22;"RAMP-503 - Inspeção de Rampa ? RBAC 91/135";GOAG;SFI;"SBRJ";Rio de Janeiro - RJ;Set;Set;Set;"SFI";"00058.010368/2022-34";"OS 1416/2022";"A"
D1456-22;"RAMP-503 - Inspeção de Rampa ? RBAC 91/135";GOAG;SFI;"SBBP";Bragança Paulista - SP;Out;Set;Set;"SFI";"00058.010579/2022-77";"OS 1457/2022";"A"
D1457-22;"RAMP-503 - Inspeção de Rampa ? RBAC 91/135";GOAG;SFI;"SBIH";Itaituba - PA;Out;Dez;Dez;"SFI";"00058.010585/2022-24";"PCDP 4826/22, 4827/22, OS 1903/2022";"A"
D1458-22;"RAMP-503 - Inspeção de Rampa ? RBAC 91/135";GOAG;SFI;"SDPW";Piracicaba - SP;Nov;Out;Out;"SFI";"00058.010618/2022-36";"PCDP 4125/22, 4126/22 ,OS 1658/2022";"A"
D1459-22;"RAMP-503 - Inspeção de Rampa ? RBAC 91/135";GOAG;SFI;"SBCT";São José dos Pinhais - PR;Dez;Jun;Jun;"SFI";"00058.010626/2022-82";"OS 827/2022";"A"
D1460-22;"RAMP-503 - Inspeção de Rampa ? RBAC 91/135";GOAG;SFI;"SBRJ";Rio de Janeiro - RJ;Fev;Mai;Mai;"SFI";"00058.008674/2022-19";"OS 757/2022";"A"
D1461-22;"RAMP-503 - Inspeção de Rampa ? RBAC 91/135";GOAG;SFI;"RBAC 103";Florianópolis - SC;Mar;Abr;Abr;"SFI";"00058.008870/2022-85";"379/2022";"A"
D1462-22;"RAMP-503 - Inspeção de Rampa ? RBAC 91/135";GOAG;SFI;"SILT";Santa Fé do Sul - SP;Abr;Mai;Mai;"SFI";"00058.008909/2022-64";"PCDP 1460/22, 1461/22 , OS 638/2022";"A"
D1463-22;"RAMP-503 - Inspeção de Rampa ? RBAC 91/135";GOAG;SFI;"SBAE";Bauru - SP;Mai;Mai;Mai;"SFI";"00058.009043/2022-17";"PCDP 1338/22, 1339/22, OS 594/22";"A"
D1464-22;"RAMP-503 - Inspeção de Rampa ? RBAC 91/135";GOAG;SFI;"SBGO";Goiânia - GO;Mai;Mai;Mai;"SFI";"00058.009058/2022-77";"PCDP 1117/22,  OS 502/2022";"A"
D1465-22;"RAMP-503 - Inspeção de Rampa ? RBAC 91/135";GOAG;SFI;"SNDT";Diamantina - MG;Jun;Jun;Jul;"SFI";"00058.010001/2022-11";"PCDP 1916/22, 1917/22, OS 806/2022";"A"
D1466-22;"RAMP-503 - Inspeção de Rampa ? RBAC 91/135";GOAG;SFI;"SBNM";Santo Ângelo - RS;Jun;Abr;Abr;"SFI";"00058.010002/2022-65";"OS 343/2022";"A"
D1467-22;"RAMP-503 - Inspeção de Rampa ? RBAC 91/135";GOAG;SFI;"SDBB";Bebedouro - SP;Jul;Jun;Jun;"SFI";"00058.010129/2022-84";"PCDP 2078/22, 2079,22, OS 868/22";"A"
D1468-22;"RAMP-503 - Inspeção de Rampa ? RBAC 91/135";GOAG;SFI;"SBCA";Cascavel - PR;Ago;Ago;Ago;"SFI";"00058.010221/2022-44";"PCDP 2602/22, 2603/22, OS 1082/2022";"A"
D1469-22;"RAMP-503 - Inspeção de Rampa ? RBAC 91/135";GOAG;SFI;"SBIH";Itaituba - PA;Set;Dez;Dez;"SFI";"00058.010379/2022-14";"PCDP 4826/22, 4827/22, OS 1903/2022";"A"
D1470-22;"RAMP-503 - Inspeção de Rampa ? RBAC 91/135";GOAG;SFI;"SBSV";Salvador - BA;Set;Jul;Jul;"SFI";"00058.010382/2022-38";"";"A"
D1471-22;"RAMP-503 - Inspeção de Rampa ? RBAC 91/135";GOAG;SFI;"SBEG";Manaus - AM;Out;Dez;Dez;"SFI";"00058.010588/2022-68";"PCDP 4833/22, 4906/22,OS 1879/22";"A"
D1472-22;"RAMP-503 - Inspeção de Rampa ? RBAC 91/135";GOAG;SFI;"SILT";Santa Fé do Sul - SP;Out;Set;Set;"SFI";"00058.010593/2022-71";"PCDP 3188/22, 3191/22, OS 1306/2022";"A"
D1473-22;"RAMP-503 - Inspeção de Rampa ? RBAC 91/135";GOAG;SFI;"SBCF";Confins - MG;Nov;Nov;Nov;"SFI";"00058.010619/2022-81";"OS 1817/2022";"A"
D1474-22;"RAMP-503 - Inspeção de Rampa ? RBAC 91/135";GOAG;SFI;"SBEG";Manaus -AM;Dez;Out;Out;"SFI";"00058.010627/2022-27";"OS 1585/2022";"A"
D1475-22;"RAMP-503 - Inspeção de Rampa ? RBAC 91/135";GOAG;SFI;"SBPV";Porto Velho - RO;Fev;Mar;Mar;"SFI";"00058.008683/2022-00";"259/2022";"A"
D1476-22;"RAMP-503 - Inspeção de Rampa ? RBAC 91/135";GOAG;SFI;"RBAC 103";Florianópolis - SC;Mar;Mar;Mar;"SFI";"00058.008877/2022-05";"NPI 6960557/2022/NURAC-CWB";"A"
D1477-22;"RAMP-503 - Inspeção de Rampa ? RBAC 91/135";GOAG;SFI;"SNBS";Balsas - MA;Abr;Abr;Abr;"SFI";"00058.008914/2022-77";"PCDP 0999/22, 1030/22 , OS 452/2022";"A"
D1478-22;"RAMP-503 - Inspeção de Rampa ? RBAC 91/135";GOAG;SFI;"SDPW";Piracicaba - SP;Mai;Mar;Mar;"SFI";"00058.009064/2022-24";"251/2022";"A"
D1479-22;"RAMP-503 - Inspeção de Rampa ? RBAC 91/135";GOAG;SFI;"SDRK";Rio Claro - SP;Mai;Mai;Mai;"SFI";"00058.009069/2022-57";"PCDP 1342/22, 1343/22, OS 595/2022";"A"
D1480-22;"RAMP-503 - Inspeção de Rampa ? RBAC 91/135";GOAG;SFI;"SNGA";Guarapari - ES;Jun;Mai;Mai;"SFI";"00058.010003/2022-18";"PCDP 1323/22,  1324/22, OS  583/2022";"A"
D1481-22;"RAMP-503 - Inspeção de Rampa ? RBAC 91/135";GOAG;SFI;"SBBP";Bragança Paulista - SP;Jun;Jul;Jul;"SFI";"00058.010004/2022-54";"PCDP 2289/22, 2290/22, OS 988/2022";"A"
D1482-22;"RAMP-503 - Inspeção de Rampa ? RBAC 91/135";GOAG;SFI;"SBSV";Salvador - BA;Jul;Jul;Jul;"SFI";"00058.010140/2022-44";"";"A"
D1483-22;"RAMP-503 - Inspeção de Rampa ? RBAC 91/135";GOAG;SFI;"SBCF";Confins - MG;Ago;Ago;Ago;"SFI";"00058.010224/2022-88";"OS 1086/22";"A"
D1484-22;"RAMP-503 - Inspeção de Rampa ? RBAC 91/135";GOAG;SFI;"SBCF";Confins - MG;Set;Set;Set;"SFI";"00058.010389/2022-50";"PCDP 3193/22, 3192/22, OS 1309/2022";"A"
D1485-22;"RAMP-503 - Inspeção de Rampa ? RBAC 91/135";GOAG;SFI;"SNDT";Diamantina - MG;Set;Set;Set;"SFI";"00058.010395/2022-15";"PCDP 3332/22, 3333/22, OS 1350/2022";"A"
D1486-22;"RAMP-503 - Inspeção de Rampa ? RBAC 91/135";GOAG;SFI;"SBCA";Cascavel - PR;Out;Out;Out;"SFI";"00058.010599/2022-48";"PCDP 3774/22, 3775/22, OS 1536/2022";"A"
D1487-22;"RAMP-503 - Inspeção de Rampa ? RBAC 91/135";GOAG;SFI;"SDRK";Rio Claro - SP;Out;Set;Set;"SFI";"00058.010604/2022-12";"PCDP 3615/22, 3616/22, OS 1458/2022";"A"
D1488-22;"RAMP-503 - Inspeção de Rampa ? RBAC 91/135";GOAG;SFI;"SWFN";Manaus -AM;Nov;Nov;Nov;"SFI";"00058.010621/2022-50";"OS 1960/2022";"A"
D1489-22;"RAMP-503 - Inspeção de Rampa ? RBAC 91/135";GOAG;SFI;"SBBH";Belo Horizonte - MG;Dez;Dez;Dez;"SFI";"00058.010628/2022-71";"OS 1887/2022";"A"
D1490-22;"RAMP-503 - Inspeção de Rampa ? RBAC 91/135";GOAG;SFI;"Pedra Bonita";Rio de Janeiro-RJ;Fev;Abr;Abr;"SFI";"00058.011142/2022-51";"OS 573/2022";"A"
D1491-22;"RAMP-503 - Inspeção de Rampa ? RBAC 91/135";GOAG;SFI;"RBAC 103";Florianópolis - SC;Mar;Mar;Abr;"SFI";"00058.008882/2022-18";"379/2022";"A"
D1492-22;"RAMP-503 - Inspeção de Rampa ? RBAC 91/135";GOAG;SFI;"SBSP";São Paulo/CGH;Set;Set;Set;"SFI";"00058.008917/2022-19";"OS 1312/2022";"A"
D1493-22;"RAMP-503 - Inspeção de Rampa ? RBAC 91/135";GOAG;SFI;"SBBP";Bragança Paulista - SP;Mai;Mai;Abr;"SFI";"00058.009096/2022-20";"OS 506/2022";"A"
D1494-22;"RAMP-503 - Inspeção de Rampa ? RBAC 91/135";GOAG;SFI;"SISY";Piraquara - PR;Mai;Mai;Mai;"SFI";"00058.010149/2022-55";"PCDP 1513/22, 1514/22, 1515/22, OS 672/2022";"A"
D1495-22;"RAMP-503 - Inspeção de Rampa ? RBAC 91/135";GOAG;SFI;"SBRD";Rondonópolis - MT;Jun;Jul;Jul;"SFI";"00058.010005/2022-07";"PCDP 1979/22, 1980/22,  OS 835/2022";"A"
D1496-22;"RAMP-503 - Inspeção de Rampa ? RBAC 91/135";GOAG;SFI;"SBCF";Confins - MG;Jun;Jun;Jun;"SFI";"00058.010006/2022-43";"OS 784/2022";"A"
D1497-22;"RAMP-503 - Inspeção de Rampa ? RBAC 91/135";GOAG;SFI;"SBCA";Cascavel - PR;Jul;Jul;Jul;"SFI";"00058.010144/2022-22";"OS 924/22  PCDP 2171/22 e PCDP 2172/22";"A"
D1498-22;"RAMP-503 - Inspeção de Rampa ? RBAC 91/135";GOAG;SFI;"SBPV";Porto Velho - RO;Ago;Ago;Ago;"SFI";"00058.010249/2022-81";"OS 1261/2022";"A"
D1499-22;"RAMP-503 - Inspeção de Rampa ? RBAC 91/135";GOAG;SFI;"SJCY";Cuiabá - MT;Set;Out;Out;"SFI";"00058.010407/2022-01";"PCDP 3659/22, 3658/22, OS 1469/2022";"A"
D1500-22;"RAMP-503 - Inspeção de Rampa ? RBAC 91/135";GOAG;SFI;"SNDH";Barreiras - BA;Set;Set;Set;"SFI";"00058.010412/2022-14";"PCDP 2951/22, 2952/22, OS 1216/2022";"A"
D1501-22;"RAMP-503 - Inspeção de Rampa ? RBAC 91/135";GOAG;SFI;"SBBP";Bragança Paulista - SP;Out;Set;Set;"SFI";"00058.010606/2022-10";"OS 1457/2022";"A"
D1502-22;"RAMP-503 - Inspeção de Rampa ? RBAC 91/135";GOAG;SFI;"SBUL";Uberlândia - MG;Out;Nov;Nov;"SFI";"00058.010610/2022-70";"PCDP 4362/22, 4363/22, OS 1751/2022";"A"
D1503-22;"RAMP-503 - Inspeção de Rampa ? RBAC 91/135";GOAG;SFI;"SBAE";Bauru - SP;Nov;Nov;Nov;"SFI";"00058.010622/2022-02";"OS 1743/22";"A"
D3012-22;"O135-507 - Inspeção de Vigilância de Voo de Acompanhamento";GOAG;GOAG_GTVC;"A definir";A definir;Fev;;;"";"";"";"B"
D3013-22;"O135-507 - Inspeção de Vigilância de Voo de Acompanhamento";GOAG;GOAG_GTVC;"A definir";A definir;Mar;;;"";"";"";"B"
D3014-22;"O135-507 - Inspeção de Vigilância de Voo de Acompanhamento";GOAG;GOAG_GTVC;"A definir";A definir;Abr;;;"";"";"";"B"
D3015-22;"O135-507 - Inspeção de Vigilância de Voo de Acompanhamento";GOAG;GOAG_GTVC;"A definir";A definir;Mai;;;"";"";"";"B"
D3016-22;"O135-507 - Inspeção de Vigilância de Voo de Acompanhamento";GOAG;GOAG_GTVC;"A definir";A definir;Mai;;;"";"";"";"B"
D3017-22;"O135-507 - Inspeção de Vigilância de Voo de Acompanhamento";GOAG;GOAG_GTVC;"A definir";A definir;Jun;;;"";"";"";"B"
D3018-22;"O135-507 - Inspeção de Vigilância de Voo de Acompanhamento";GOAG;GOAG_GTVC;"A definir";A definir;Jun;;;"";"";"";"B"
D3019-22;"O135-507 - Inspeção de Vigilância de Voo de Acompanhamento";GOAG;GOAG_GTVC;"A definir";A definir;Jul;;;"";"";"";"B"
D3020-22;"O135-507 - Inspeção de Vigilância de Voo de Acompanhamento";GOAG;GOAG_GTVC;"A definir";A definir;Ago;;;"";"";"";"B"
D3021-22;"O135-507 - Inspeção de Vigilância de Voo de Acompanhamento";GOAG;GOAG_GTVC;"A definir";A definir;Set;;;"";"";"";"B"
D3022-22;"O135-507 - Inspeção de Vigilância de Voo de Acompanhamento";GOAG;GOAG_GTVC;"A definir";A definir;Set;;;"";"";"";"B"
D3023-22;"O135-507 - Inspeção de Vigilância de Voo de Acompanhamento";GOAG;GOAG_GTVC;"A definir";A definir;Out;;;"";"";"";"B"
D3024-22;"O135-507 - Inspeção de Vigilância de Voo de Acompanhamento";GOAG;GOAG_GTVC;"A definir";A definir;Out;;;"";"";"";"B"
D3025-22;"O135-507 - Inspeção de Vigilância de Voo de Acompanhamento";GOAG;GOAG_GTVC;"A definir";A definir;Nov;;;"";"";"";"B"
D3026-22;"O135-507 - Inspeção de Vigilância de Voo de Acompanhamento";GOAG;GOAG_GTVC;"A definir";A definir;Dez;;;"";"";"";"B"
